,PC1,PC2,cluster
"""Bad Painting""",-0.05276091225639552,-0.18055106951031563,1
'85 New Wave,0.1881800070576788,-0.062047838720019455,5
1000–1400 CE,0.16749581003742536,0.07803973925247348,5
15th Century,-0.03757280222481383,-0.05145613715261724,1
16th Century,0.139529442323549,-0.08573380275214049,5
17th Century,0.18801521918397604,-0.017322073026547168,5
18th Century,0.1230956892547927,-0.15649929444239313,1
1900–1917,0.04729204307685735,-0.19089697607177908,1
1918–1939 (Interwar),0.1808353120817358,-0.1259794976931225,5
1940s–1950s,0.1956856799686585,0.0007877360363141087,5
1960s,0.11834307437767545,-0.2558791936909858,1
1970s,0.06744032876578579,-0.12289671867828961,5
1980s,0.19825693602544464,-0.18998193257705695,5
1990s,0.12400375522079636,-0.16748381852681332,5
19th Century,0.05429731460787599,-0.13321512409920394,5
19th Century American Art,0.06070215501553754,-0.18926344765152142,5
19th Century American Paintings and Works on Paper,0.07014671787551824,-0.20286585707000038,5
19th Century French Academy,-0.14473161775834104,-0.19188237974340366,1
19th Century German Realism,-0.05308320429862183,-0.136179886728943,3
2000–present,0.03850429809561199,-0.15254560393314276,5
20th Century Art,-0.022145922325229724,-0.2090004599983202,1
20th Century Furniture and Design,-0.04767719088105536,0.04306373258344877,5
500–1000 CE,0.15534126609382276,0.115596258284512,0
Aboriginal Art,0.023718792628393576,-0.085939760763766,5
Abstract Art,-0.106608979842599,-0.16637215469180233,1
Abstract Expressionism,0.05972541170615503,-0.16528151917527073,5
Abstract Illusionism,-0.08408145445770782,-0.2414817688438808,1
Abstract Landscape,-0.14482726888450018,-0.1321909457742706,1
Abstract Painting,-0.04614920909827208,-0.15930367903358392,1
Abstract Photography,-0.020816384665411747,-0.21061857199669012,1
Abstract Sculpture,-0.22150561968106033,0.011357513043695968,3
Abstract versus Figurative Art,0.02185929657711494,-0.23428936560424427,1
Action Painting,0.03276573877531179,-0.23588391296295777,1
Adolescence,0.04148322602766969,-0.17941723718813313,0
Advertising and Brands,-0.06216704637786692,-0.13541754586852822,1
Aerial View,0.025355988573397575,0.08736251341368272,3
Africa,0.4958213506620146,0.06972353816047025,4
African Diaspora,0.3173056640220045,-0.05144295521850109,5
Afrofuturism,0.14145240064835252,-0.15486132194684638,5
"Album, Folio and Fan Formats",-0.08152719936958279,0.10358461770598273,3
Allegory,-0.08819600079247007,-0.20867447687419816,0
Allover Composition,-0.2212984798137238,0.015541250995068206,3
Altarpiece,-0.14113120069028434,0.10790828231879555,7
Altered and Substituted Canvases,-0.14574624844480527,0.09306580782289137,3
Aluminum,-0.2153958466124391,0.03456704158171867,7
American Furniture and Design,0.01194509352668905,-0.052465131335483604,5
American Impressionism,0.23476878688826933,-0.1556540727736077,5
American Mid-Century Design,-0.004208442283752797,0.1080271877951409,6
American Modernism,0.3315909825889311,-0.08947869538536525,4
American Prints 1880–1950,0.06602721876909429,0.008918462701884112,1
American Realism,0.22067917008981075,-0.1910335177057092,1
American Regionalism,0.011428432923171137,-0.12768039526204117,5
American Sculpture 1830–1950,0.16543855580148425,-0.04008416691768179,1
American Studio Craft Movement,0.1349009637819786,-0.06698339943115149,5
American Tonalism,0.0036049750387543416,-0.22530996918904436,1
American Works on Paper 1880–1950,0.01369761722389936,-0.032200648335202864,1
Americana,0.14154558220478491,-0.05977667225308616,5
Anatomy,-0.11223223189837905,-0.10329002121422233,0
Ancient Art,0.07407485416628132,0.019971705792273677,0
"Andes Region (Bolivia, Colombia, Ecuador, Peru, Venezuela)",0.6157706929009201,0.4592486136060815,2
Angular,-0.17061619375697762,-0.1154807874627158,1
Animal Portrait,-0.1268668607110078,0.041543847945783835,0
Animals,-0.06843906407544062,0.0032924329286220556,0
Animation,-0.009811734072085024,-0.060713201475007146,3
Anthropomorphism,-0.17356612519097356,0.22938430773838986,0
Antiquity as Subject,-0.07278935205478149,0.00789482563397352,0
Appropriation,-0.01162763118414414,-0.1550574588529023,1
Arabesque/Scroll,-0.21289998912944336,0.03294134527950546,7
Arabic/Farsi Calligraphy,-0.08524480656107486,0.00824927706739444,0
Architecture,-0.0404690905786049,0.03391417000897616,0
Architecture's Effects,0.11060428584162203,-0.0644319235329404,5
Armchair,0.10397180466167116,0.42436536902933936,6
Arrivals/Departures,0.021508572808746827,-0.0460545126768645,0
Art Brut,0.10669526413019009,-0.19595301993878078,1
Art Deco,-0.057008698053537,0.019602161595525344,1
Art Informel,0.08699181693925764,-0.22372144138205116,1
Art Nouveau,0.08663337553996332,0.09615878542202538,5
Art Nouveau Furniture and Design,0.030311566344087937,0.07009866146490631,6
Art That Plays With Scale,-0.16097706497905112,-0.030383323563222077,3
Arte Povera,0.0522736886035242,-0.10383374467586015,5
Artist Merchandise and Multiples,-0.024845207745064442,-0.10323668051002749,1
Artist as Ethnographer,0.025783514789970492,-0.06818193321275218,5
Artist's Frame,-0.22493934096514887,0.048620111201260786,7
Artists’ Books,0.010592293875498697,-0.18246453716176125,1
Arts and Crafts Movement,0.048841630182122106,-0.04499527410109558,5
Ashcan School,0.1390264861797767,-0.21533807045596776,5
Asian Art,0.4240727837419498,0.24052076090089136,2
Assemblage,-0.04207492691361016,-0.14545898803462715,1
Asymmetrical,-0.23009373709418407,0.3074605532284883,6
Atmospheric Landscapes,0.09114188533749304,-0.15192098196686504,1
Attenuated Figure,-0.027207924001597446,-0.030182948713946636,0
Australia and New Zealand,0.48740698902070334,0.13738056667993778,4
Austria,0.5201804994209596,0.06867476413829988,4
Automatism,-0.04323269174315075,-0.1703901052536349,3
Balance,-0.044554798940757534,0.08003107110523017,3
Barbizon School,0.10551406274341815,-0.1705377867226563,1
Baroque,-0.05079766562087515,-0.04028656590299001,5
Bars and Restaurants,0.01999797657389794,3.898585072163903e-05,0
Bathers,0.013281138971954601,-0.20232327372988984,1
Bauhaus,0.10322757474165227,-0.13191872873763047,5
Bay Area Figurative Art,0.11840001436473582,-0.22464559999365535,1
Bed,-0.37494680609077485,0.30693691411023144,7
Bedrooms and Bathrooms,-0.1549169254063728,-0.04380390515338313,0
Beijing Artists,0.353111991267105,0.10519435779465133,4
Beijing East Village,0.2361649197851554,0.010151778327982617,5
Belgium,0.5169920185614186,0.10753240612022145,4
Belgium and the Netherlands,0.5066398278190472,0.16655363567901477,4
Bench,-0.1186365410569816,0.396119156240179,6
Bengal School of Art,0.2234747861698336,-0.09964182414186316,5
Bentwood,-0.1468425364956563,0.29634635878240007,6
Berlin Artists,0.41232474832206323,0.0386458146814332,4
Bible Story,-0.010975100300086681,-0.0742238551299009,0
Biomorphic,-0.2032621906801409,-0.042783435893066706,1
Black Arts Movement,0.013084778252760446,-0.12931693730131838,5
Black Mountain College,0.08385980540295435,-0.19802497479562772,5
Black and White,-0.1177665545338411,-0.01262194421809928,3
Black-and-White Photography,-0.05540094154310447,-0.1986730742574514,1
Blown-Off-Roof Perspective,-0.10587555342546473,0.18106523938948405,3
Blurred,-0.12666996572248113,-0.1320687229262144,1
Body Art,0.018460835601731826,-0.16292497532301103,5
Body Casts/Body Prints,-0.03039476271002316,-0.014371754636188004,3
Body Parts,-0.09734833257374859,0.06260955574493493,0
Bone,-0.14097362948157427,0.2921862002849878,7
Bowl,-0.14874081384279622,0.535493759102479,6
Brass,-0.2317487104563251,0.24636453755225504,7
Brazil,0.4979082051343472,0.10603371173903085,4
Brazilian Furniture and Design,-0.09559768075969402,0.12137353102225788,6
Bright/Vivid Colors,-0.19992655638176235,0.07348574969330625,3
British Furniture and Design,-0.11505256078526899,0.0021429221941612203,7
Bronze,0.07068069600499292,0.08868980031926127,5
Brooklyn Artists,0.31269395993726806,-0.019149914619165816,4
Brutalism,-0.14008146817561334,0.16423935783139634,6
Bulbous,-0.04028977890549925,-0.02967929999441825,1
Burned/Charred,-0.06577453754583795,0.09696566278488013,7
Byzantine Art,0.01128206365282032,0.0725111066901493,0
CAD (Computer Aided Design),-0.19839453311609997,0.14232203652779987,6
CalArts,0.35208875202683154,-0.12788447216378404,4
California Art,0.23286455026862685,-0.10915951800490946,5
Calligraphic,-0.1665407130394737,0.19773601124479057,7
Camera Obscura,-0.12312329789806431,0.1744686713197517,3
Canada,0.5006801382926488,0.06744521730189959,4
Capitalist Realism,0.11259536372540589,-0.21918815416960902,5
Caravaggesque,-0.144580178327046,-0.0713994116045881,3
Cardboard,-0.10512699030609067,0.42048786813545935,6
Caribbean,0.6089662440955496,0.4365056848625787,2
Caricatures and Parody,0.026520570452268143,-0.19458340677172825,0
Carving,-0.2155657306320888,0.15373221813106452,7
Caucasus,0.5600645567663459,0.4071146751191608,2
Ceiling Light,-0.06894684991619524,0.27461814269920404,6
Celebrity,-0.04885864272580971,-0.10025362955610573,3
Censorship,0.09570948172529542,-0.026399903808279664,5
Central America,0.6390560103905042,0.37991204569513276,2
Central Asia,0.6090680867694401,0.4874671476242398,2
Ceramic,-0.24548571505518374,0.1925089148779075,7
Ceremonial Object,-0.1256386342201921,0.20301101340487393,0
Chair,0.0029881777021094555,-0.0011504784115118037,5
Chaise Lounge,-0.01546420765478858,0.19731271738295664,6
Chalk,-0.08912813460406194,0.09476412337037698,7
Chance,0.03414989357678007,-0.08769759943749685,5
Chiaroscuro,-0.12615004661215803,-0.01975339088856531,1
Chicago Imagists,0.08232202607419078,-0.188760735484303,5
Chicano Art,0.18622228083019582,-0.17059102736256254,5
Childhood,0.050903164189023874,-0.15704896980274624,0
Children's Furniture and Design,-0.04843418910796064,-0.010139242536954548,1
China,0.3946153644159168,0.06895925295613645,4
Christian Art and Architecture,0.09701364175076074,-0.09839286586333729,0
Chrome-Plated,-0.2848655501779723,0.4388412782917207,6
Cinematic,-0.09799370090099979,0.06846412455086184,3
Circus/Carnival,0.06667719101793435,-0.007771014129850559,5
City Scenes,0.016212683853040213,-0.12971559863732973,5
Cityscapes,-0.003205651881237788,-0.005081956262693168,0
Cityscapes and City Scenes,0.10049968774789472,-0.07651034348858166,5
Classical Figure,-0.058029721714569465,-0.09788808840347488,0
Classical Mythology,0.016497248649126738,-0.14227145921723922,0
Close-Up,-0.16745519250946814,-0.055443940947774065,3
Cluj School,0.1449627302688227,0.030763408968320877,5
CoBrA,0.20613533313122773,-0.1275203062164763,5
Colab,0.1349152729410447,-0.19733932348740355,5
Collaborations and Collectives,0.1293144281341153,-0.2108000001687338,5
Collage,-0.1746652052067817,-0.06614498452907139,3
Collecting and Modes of Display,-0.11929684507904355,0.027425871884394604,0
Collective History,0.1591380997764325,-0.00382432447765374,0
Color Field Painting,-0.053085182792701954,-0.0634691476388076,1
Color Gradient,-0.15515474957332306,0.10071110379463723,3
Color Photography,-0.11709915930967418,-0.06461168661149,3
Color Theory,-0.14379625998561063,-0.025250394640366103,3
Columns and Totems,-0.04612369220543349,0.0607049992673929,7
Comic/Cartoon,-0.05797622873326656,-0.16869908583817234,1
Computer-Aided Manufacturing,-0.19973911105769085,0.27168490987038685,6
Conceptual Art,-0.05631109081181621,-0.1170639111719543,3
Concrete,-0.15624371369147905,0.18255886987311729,6
Concrete Art,-0.046116018677371196,-0.15151655489625968,5
Conflict,0.17353777161931144,-0.01056609971267286,5
Constructivism,-0.08558318028834415,-0.08526573507917626,1
Consumerism,-0.03707315214252051,0.08027666558174912,3
Contemporary,0.0502463707218261,-0.22836264447737792,5
Contemporary Academic Realism,-0.08080746505951095,-0.13913576263726848,1
Contemporary African Art,0.2144500912532991,-0.05308234665846862,5
Contemporary Archaeological,-0.03429297550707268,-0.030017753672246753,0
Contemporary Asian Art,0.15280973184972166,-0.06377127869562776,5
Contemporary British Art,0.19840889908591788,-0.16422593694681972,5
Contemporary Canadian Art,0.1826172498878529,-0.06726307325737674,5
Contemporary Ceramics,-0.13360751804338472,-0.034406103258605304,7
Contemporary Chinese Art,0.14219343160437412,-0.15304656630068003,5
Contemporary Color Fields,-0.09914560441610493,-0.006143699612484392,3
Contemporary Conceptualism,0.011247045122599164,-0.1716012871960207,5
Contemporary DIY,0.023961299512955843,-0.06181172985313549,5
Contemporary Fact versus Fiction,-0.00741236319214237,-0.1405803587561466,3
Contemporary Fauvist,-0.08617470357999463,-0.05009926391163051,3
Contemporary Faux Naïf,-0.041791434906464135,-0.21957784280380013,1
Contemporary Feminist,0.11624040929556234,-0.16111975722470456,0
Contemporary Figurative Drawing,-0.1234472773142049,-0.035790335636317255,3
Contemporary Figurative Painting,-0.055890812009244645,-0.26044340324985327,1
Contemporary Furniture and Design,-0.12306178762872523,-0.01038805544679466,3
Contemporary Gestural Abstraction,-0.11568384345104406,-0.17660936942664637,1
Contemporary Glass,-0.08221200488326433,-0.06825434208643687,3
Contemporary Gothic,0.013362034233749584,-0.13451885114097942,1
Contemporary Graphic Realism,-0.3117349196737028,0.0437321052767338,7
Contemporary Grotesque,-0.1467413724592032,-0.11393965325090748,1
Contemporary Impressionist,-0.12620241181224387,-0.07629316845978466,3
Contemporary Indian Art,0.22849727268246672,0.018672736531763455,5
Contemporary Latin American Art,0.13529198226966724,-0.14868510032360732,5
Contemporary Middle Eastern Art,0.2197163979968641,0.018161596718750353,5
Contemporary Minimalist,-0.09453133718981296,-0.10295420137553532,3
Contemporary Modernist-Type Photography,-0.012592369525230112,-0.24422623773660623,1
Contemporary Op Art,-0.14729335524622675,-0.08200467601463231,3
Contemporary Participation,-0.0704110407969905,-0.12534393688943257,1
Contemporary Photography,-0.0596749389885113,-0.14827397853055382,3
Contemporary Pop,-0.05200635543730583,-0.15886324948132874,3
Contemporary Portrait Painting,-0.055236877787270794,-0.24341367585063514,1
Contemporary Portrait Photography,-0.20717005841721575,-0.09291281595455102,3
Contemporary Re-creations,-0.2355835343862026,0.019834255737265168,7
Contemporary Realist Portrait Photography,-0.06276954628117828,-0.10211676703190166,3
Contemporary Scandinavian Art,0.12689035747703148,-0.036412680855355185,1
Contemporary Surrealistic,-0.10468891799650017,-0.22648949994235312,1
Contemporary Traces of Memory,-0.06885697823753664,-0.16997449706850676,1
Contemporary Turkish Art,0.029961127500805065,-0.17112624927061046,0
Contemporary Vintage Photography,-0.2663270207589016,0.04192479334759235,3
Contour Line,-0.21063148726312073,0.052357864109906546,3
Contrapposto,-0.06997346135369177,-0.04679025986187162,3
Copies and Emulations,-0.06369747207739049,-0.0960704374369139,1
Cracked,0.006969721804612874,-0.003689494527065338,5
Creased Crinkled Wrinkled,-0.30250691484859016,0.15064705408807105,7
Crime,0.09357226289167925,0.1437181676205395,0
Cross-Cultural Dialogue,0.10276787935919954,-0.0442596272492483,5
Crowds,0.18323244542781209,0.1681804314797208,0
Crystalline and Geological Forms,-0.2565874456721269,0.1887704276205965,3
Cuba,0.49721319189967933,0.0493079651513046,4
Cubism,-0.031267357972610675,-0.14063761096966954,1
Cultural Commentary,0.16110224224132208,-0.12086264670364236,5
Curvilinear Forms,-0.19166449143552577,0.011396476877929954,7
Cut/Ripped,-0.15572959112239126,0.23371635143075414,6
Cynical Realism,0.07495688063229791,-0.1342559844672536,5
Dada,0.21904456336625178,-0.09584514885350173,5
Dance,0.007302107894174757,-0.192061038634125,1
Danish Furniture and Design,-0.02924803463990191,0.15624355046339655,6
Danube School,0.05829847516626015,-0.10792349830872772,5
Dark Colors,-0.07277006221937808,0.01119408704142615,3
Dau Al Set,0.24108623342912855,-0.16232138697037946,5
De Stijl,-0.05400208615073036,-0.12735535262017883,1
Decay,-0.18367542675589663,-0.030354468539216025,0
Deconstructivism,-0.10736996181673629,-0.06734018641529776,1
Deep Time,0.008608864691133273,-0.02270005439611278,5
Deities and Holy Figures,-0.06571375658978341,-0.05267135771824731,0
Delegated Art,0.04331348080849087,-0.09375876561950514,5
Delicate Materials,-0.2154034078658237,0.08172975476963476,7
Dense Composition,-0.1829982070455764,0.05553405424527162,7
Densely Textured or Haptic Surface,-0.2518026068692696,0.1562008777867409,7
Design,-0.15483501730889326,-0.004603658118190898,3
Design by Architects,-0.21149545874782855,0.1955838368241456,6
Design by Artists,-0.043434911999986975,0.057748164167821074,1
Design/Architecture Study,-0.14272849347866964,0.18444937072414114,7
Desk,-0.09538595001643042,0.24887974443508784,6
Deutscher Werkbund,0.07643804402688706,0.013026599733980754,5
Diaristic,0.09507865395131307,0.0015050261757799206,0
Die Brücke,0.09156717353748245,-0.08185963861214832,1
Digital Art,-0.11673791187237562,0.028786191513342555,3
Digital Culture,0.06632573528870507,0.07166719236731946,3
Digital Painting and Drawing,-0.19418944405960387,0.026392978407182,3
Digital Print,-0.3093867823600114,0.24486190583571443,7
Digital as Manual,-0.192096742983441,-0.020526983278567352,3
Digitally Manipulated,-0.10563756609364212,-0.07908411415970473,3
Disaster,0.004227724422113305,-0.005170422045467117,0
Divisionist,-0.2662012785287468,0.06853100965066802,3
Documentary Photography,-0.011670196491708893,-0.10817942912908732,3
Documentary Travel Photography,0.16106004036395777,-0.0844151466941307,5
Door,-0.3490941410491061,0.24412705288472825,7
Dotted,-0.11426564618341012,-0.044892627993168274,3
Downloadable Images,-0.10808069019076909,0.08634838708576942,3
Drawing,-0.07037711670455014,-0.1085293266031954,1
Dreams / Altered States of Consciousness,-0.023637677734657938,-0.16026397755074198,0
Dusseldorf School of Photography,-0.08573587126430016,-0.11973453884794363,3
Dutch Furniture and Design,-0.26951579967974176,0.15696581962645004,6
Dutch and Flemish,0.12417638910861628,0.23381187378854357,0
Dynamism,-0.17272379154496953,-0.03640653968855162,3
Early Computer Art,-0.027627137380817565,-0.017369485265531337,3
Early Medieval Art,0.14645407403939814,-0.005781438080564627,5
Early Renaissance,0.07268647844256113,-0.059309456383783,1
Earth Tones,-0.21444527483984482,0.3625698274255679,7
East Asian Ink-and-Wash Painting,-0.0792889341356598,-0.05002128891725346,3
East Germany,0.4964254414605067,0.15322221630217048,2
East Village Art,0.14508912523536663,-0.16003071207358166,5
Eastern Africa,0.6365831063618054,0.5683957008427811,2
Eastern Europe,0.6718937614359468,0.4641888725651012,2
"Eastern Europe, Russia, and the Caucasus",0.5525289259396766,0.2610480523198332,2
Eastern Mediterranean,0.6312667356615163,0.4836978573296932,2
Egypt,0.46328297246153394,0.1093732371820273,4
Embossed Paper,-0.2716415424347871,0.1741688332521987,7
Embroidery,-0.0989841330709462,0.0805707136932913,7
Emerging Art,0.1859027898777998,-0.13416639481702558,5
Emerging Design,-0.06368743222721351,0.0056701892266641,3
Emphasis on Linear Perspective,0.019633345172535396,-0.06243742184364577,1
En plein air,0.00033869909227100294,-0.019218394111390553,3
Enamel,-0.24552703489382444,0.5804716132886387,6
Encaustic,-0.0613789590585583,0.0015455910966529123,3
Endurance Art,0.03063501449968902,-0.11487500688427697,5
Engaged with Byzantine and Medieval Art,-0.03888013659592744,-0.047105343373490524,1
Engaged with European Old Masters,-0.037983436011743546,-0.17627016451746375,1
Engaged with Pre-Columbian Art,0.1127028591450753,0.020682519519839578,0
Engaged with Traditional African Art,-0.012482815108503955,0.03392499592229297,0
Engaged with Traditional Chinese Art,-0.16224769382403081,-0.07690755485800323,7
Engaged with Traditional Islamic Art,-0.06660404141770841,-0.10196407336071887,0
Engaged with Traditional Japanese Art,-0.20251422097302418,-0.004372770285754552,7
Engaged with Traditional Korean Art,-0.17416060979393977,-0.016612698500911762,7
Engagement with Mass Media,0.07409192611624711,-0.09992339680789478,3
Engineering/Construction and Design,-0.0824591785356329,0.1853340314203779,6
Ephemera,-0.024453229051517006,0.045391017244499815,0
Equestrian,-0.016812655491131548,-0.13840704198754442,1
Erased and Obscured,0.022570580454854872,-0.2261768248560545,1
Erotic,-0.04039806556016322,-0.20915164398206743,0
Etching/Engraving,-0.25231410605417953,0.2348265573971354,7
Expressionism,-0.05448723993154567,-0.1904514062015772,1
Extreme Angle,-0.14202788538128844,-0.016907581371705407,3
Extruded Design,-0.15141716997218785,0.29666816523652917,6
Eye Contact,-0.06908755424619654,-0.07120588705549771,3
Face,-0.036479275677656034,-0.02294447382956216,3
Failure,0.07316521600299014,-0.2865440551444169,5
Family,0.11135290892088186,-0.12276391169187027,0
Fashion Design and Wearable Art,-0.0009426920239666743,-0.09055355650835657,5
Fashion Photography,-0.012383671237877375,-0.0037192003108255274,3
Fauvism,0.08882828173086288,-0.18946861293971068,1
Faux Naïf,-0.11479408735894131,-0.21087410742103802,1
Femininity,0.0048941663095412,-0.13539933988677275,0
Feminist Art,0.09385579270663642,-0.03037372242729881,5
Fertility/Pregnancy/Birth,-0.02887646404592486,-0.0658057422596861,0
Figurative Art,-0.05209611901634652,-0.17934600605361195,1
Figurative Painting,-0.04097962938490572,-0.20265052931620312,1
Figurative Sculpture,-0.15614202160878216,-0.03366303844488529,7
Figure Studies,-0.09183684057199464,-0.09339598253107767,1
Figure from the Back (Rückenfigur),-0.03611048841703226,-0.1981411584524714,3
Figures in Nature,-0.05202899913548656,-0.10770945243432603,0
Figures of the Art World,0.0819714927268179,-0.09099080391533147,5
Film/Video,0.045884980827106306,-0.11387008557413111,3
Flatness,-0.18186095209901593,-0.13634855807725965,1
Flatware,-0.11685494525475765,0.6355507070792272,6
Floor Lamp,-0.153539613728165,0.381425035293924,6
Flora,-0.06583907610628394,0.01617144072886173,3
Fluxus,0.07271041735314293,-0.24998313697702573,5
Focus on Joints/Connections,-0.14975003657321706,0.141479482473733,6
Focus on Materials,-0.09737768967230997,-0.00994134848314821,3
Focus on the Social Margins,0.14904551574356115,-0.1347975235372859,5
Folded Planes,-0.30237979174463897,0.32572796949956073,6
Folk Art,0.14881719767068594,0.06473212932237393,5
Food,-0.12507777891731334,0.006572967961579303,7
Found Objects,-0.15309061604636515,0.13505340360003376,7
Fractal-like / Kaleidoscopic,-0.28397785453780044,0.11298504844632454,7
Fragmented Geometry,-0.1112480863170724,-0.10567234117442428,1
Frame,-0.1819840291107223,0.0841033482856141,7
France,0.4828339017911053,0.044197905280998796,4
French Furniture and Design,-0.2383207125966704,0.10704921042099809,7
"French Guiana, Guyana and Suriname",0.5622524257794809,0.3751120790569034,2
Fresco,-0.11400083748865186,0.1746931781722958,7
Frontal Perspective,-0.14716103027429728,-0.02992774594616573,3
Funk Art,-0.015619373140855897,-0.19480911598847958,5
Furniture,-0.1339940781862787,0.038282211398455716,6
Futurism,0.09200267777664574,-0.1678157612197137,5
Gemstone,-0.1297581784165479,0.10890032095342377,0
Gender,0.16016132180460613,-0.09263090072025018,0
Generative Art,-0.1142433925800439,-0.003616424741323277,3
Geometric,-0.1408281604607495,0.012793967661774704,3
German Expressionism,0.14531575415907222,-0.19137056114658996,5
Germany,0.4790555539100573,0.03922315978623481,4
"Germany, Austria, and Switzerland",0.5857218669787474,0.22447131439764612,4
Gestural,0.0019825974994631974,-0.2374985489398746,1
Gestural Abstraction,-0.1385670363718085,-0.013175557341954247,3
Glamour,0.04881924793814254,0.01406969403620345,3
Glass Objects,-0.10002081867506483,0.07043980626844742,6
Glass as Material,-0.1646818698317657,0.02093545638047828,7
Glitch Aesthetic,-0.2639227355339215,0.183051560883786,7
Glittery,-0.03925254511083855,0.02138419624786818,7
Globalization,0.13913913215045448,-0.04036586280993288,5
Gold,-0.10308993466725273,0.11306152092218112,7
Gold Leaf and Gilding,-0.2546547260146883,0.19996189780245546,7
Gothic Art,-0.15044932697384122,0.24709370958350807,6
Graffiti and Street Art,0.12590599233115357,-0.17920096719125517,5
Grand Manner,0.0017718870625223551,-0.19251939370697133,1
Graphic Design,-0.12718778903303296,-0.08119085921905606,3
Greece,0.4855346800612073,0.09953385418958414,4
Greek Art and Architecture,-0.11257333428476154,0.029646983816922913,0
Greek and Roman Art and Architecture,0.10633682720085076,0.005254730336119664,5
Grid,-0.14739550047164912,-0.023819666148228814,1
Grotesque,-0.1980885538308467,0.017944774165946704,0
Group Material,0.15276709022496693,-0.11773216825506404,5
Group Portrait,0.16565468161443542,0.13873491069063038,0
Group Zero,0.013585535829488876,-0.1273597814568023,1
Group f/64,0.014951599146233677,-0.07808157271297325,3
Group of Objects,-0.274997296908451,0.12642934850882584,7
Group of Portraits,0.009879989176069692,-0.01797376798163052,3
Gutai,-0.00458308421509631,-0.16887948868899072,5
Handcrafted Furniture and Design,-0.06395726426008708,0.08565178213136204,6
Handscroll,-0.12691843956480006,0.06289437506194617,7
Hanging Scroll,-0.1162159412553008,0.16553500365962515,7
Happenings,0.02762018829572385,-0.1826332661496291,1
Hard-Edged,-0.11223817418899729,-0.09639383411816035,1
Harlem Renaissance,0.18862012829118785,-0.14907285507397522,5
Hatching,-0.11417860047486425,0.2378393692442302,3
Haze,-0.046267358527666336,-0.05546288992126725,3
High Renaissance,0.021623972813086634,-0.15311721237095935,1
Highly Detailed,-0.2416287166763223,0.0742752405871102,3
Highly Ornamented,-0.19190306892617476,0.007662982982780348,7
Hindu Art and Architecture,-0.05909008471108037,-0.027258941932220053,0
History Painting,0.014490333710787959,-0.20444472460856722,0
Hudson River School,0.12427053649244665,-0.08635539166777532,5
Hugs and Kisses,-0.019528395108102718,-0.00910720859053954,0
Human Figure,0.02310587088401936,-0.10164617197467796,0
Humor,0.01943616814888033,-0.2715665928378366,1
Hybrids and Imaginary Creatures,-0.04759274774166172,-0.0884980568498614,0
Hyperrealism,-0.10077317360716295,-0.1460354050861882,1
Iconic Works of Art History,0.07924260629110572,-0.12823587184269003,5
Iconic Works of Design,-0.12301519580181956,0.029672032182954652,6
Identity Politics,0.18876772962835464,-0.22050902300768993,5
Illustration/Art,0.027266367305967605,-0.18101342187053399,1
Imitated Material,-0.22079491250716676,0.14672094600188074,7
Immersive,-0.04874261767439164,-0.06811367982441122,3
Impasto,-0.21582259796478692,-0.03300815319558311,1
Implied Narrative,-0.16943830703299956,-0.18078779491372823,3
Impressionism,0.08831054537366795,-0.18583130406615472,5
Improbable Physics,-0.06841876334008232,0.058658487617606475,0
India,0.44059552692483106,0.07861268432392363,4
Individual Portrait,-0.04122358050049109,-0.1392689845665282,0
Industrial and Product Design,-0.01581381073055619,0.03565018023845151,5
Industry,-0.014219416035197262,0.2635009372072149,7
Infographics and Diagrams,-0.17175754250184905,0.18304484487521683,3
Inlay,-0.31781306930241426,0.3773601404372631,7
Installation,-0.2205478992197153,0.07878045699569254,3
Institutional Critique,0.0035380594434284984,-0.1297127107839267,5
Intaglio,-0.3018830175818589,0.31656002463079314,7
Intentionally Exposed Canvas,-0.16981056059332716,0.050549385956834225,7
Interactive,-0.07206309907108491,-0.07761418019538055,3
Interiors,-0.07665296203307008,-0.08144846271191089,0
Interlaced Bodies,-0.011009331675118335,-0.013321844956865813,0
International Style,-0.04650983912077128,0.01525003031894083,6
Intersectionality,0.06312642506178325,-0.21103954260506905,5
Intricately Sculpted,-0.2886359821390541,0.1468076418554469,7
Iran,0.4368370703357374,0.15805353836779232,4
Iraq,0.3876608596208215,0.022299057869575152,4
Iridescence/Opalescence,-0.21222176780140176,0.024256503431915433,7
Irregular Curvilinear Forms,-0.18356937160944334,0.13982688558154038,3
Irregular Linear Forms,-0.06013029969826578,0.08229709516364032,3
Islamic Art and Architecture,0.035051053831957425,-0.012712723476724058,0
Isolation/Alienation,0.023980686425861708,-0.21391248982886257,1
Israel,0.41635053987451276,0.035580702580853434,4
Italian Furniture and Design,-0.03173213662645865,0.16832187007857197,6
Italy,0.46727872988595637,0.07177515598085377,4
Ivory,0.015717856790342058,0.28042058347374565,0
Japan,0.4333229546641554,0.06170826003618085,4
Japanese Photography,0.0395136310437429,-0.08026409028913878,3
Japonisme,-0.006712418565162921,-0.1102192079039699,1
Jewelry,-0.2704081386005902,0.1690132189326379,7
Kanō School,0.014876653014048585,0.012090235697606942,5
Kawaii,-0.09289689877980356,-0.11868699358328053,3
Kinetic Sculpture,-0.01927513427434431,-0.09479955219309,1
Kitsch,0.06923299033809285,-0.11915029821092779,5
Korea,0.4554559983054882,0.09776592235643071,4
Land Art,-0.0837435783636578,0.02919815046093597,3
Landscape Photography,0.09480691052391765,-0.08277069243712327,5
Landscapes,-0.008186195390382438,-0.05263738892519333,0
Language,-0.06967353672497993,-0.09847110063865225,3
Large Brushstrokes/Loose Brushwork,-0.07667947893394253,-0.15337682471503458,1
Large-Scale Painting,0.01825727018006238,-0.18731675159089145,1
Large-Scale Photography,-0.012795334350891396,-0.027825955730568397,3
Large-Scale Sculpture,-0.03300743992886107,0.02728765358645026,1
Late 19th Century,0.028834288757352368,-0.14475715481055512,5
Latin America and the Caribbean,0.4742796915897408,0.07940750218471378,4
Latin American Art,0.26093983496372475,-0.06760401974851976,5
Layered Images,-0.2884177529636057,0.03159482645119099,3
Leisure,0.005158859202460734,-0.06282783347198675,0
Light Art,-0.16708000996095748,0.187913114941652,6
Light and Space Movement,-0.0866448914866042,-0.0568112791180244,3
Light as Subject,-0.1254332477329613,-0.04897458064851737,3
Lightbox,-0.20930389245885278,0.09386134016425557,3
Lighting,-0.056507215675457585,0.14981437056150268,6
"Line, Form, and Color",-0.08284396399383898,-0.11172041687816167,1
Linear Forms,-0.24898405023854578,-0.05075186817954153,1
Lithograph,-0.1468154714825879,0.01164399794866853,1
London Artists,0.37384709029080654,0.02846722913162896,4
Long Distance and Deep Distance,-0.03547061910078025,-0.07120794594819763,3
Long Exposure,-0.18468434243960172,0.1778566468246775,3
Los Angeles Artists,0.3409633919521639,0.025454072159658645,4
Love,0.019642627696599697,-0.15529734639102272,0
Luminism,0.15206461637407825,-0.1674547087742772,1
Machines,-0.19231866512500156,0.2045799396516505,3
Madonna and Child,0.017125496926607413,-0.08816002336005452,0
Mail Art,0.017120704932445607,0.009656793323791922,3
Manga,0.06319360708470717,-0.10926512826599634,3
Manipulated Photography,-0.09994149483773059,-0.038442359250774494,3
Mannerism,-0.04037379279081409,-0.05604751699394983,5
Manuscript,-0.15614388336566837,-0.025842191071898286,0
Maps/Networks,0.00454692673534865,0.005612819764730929,5
Maquette,-0.18704204373451697,0.07249219425457115,7
Marble,-0.23393430347364003,0.22605332357915364,7
Marbleized,-0.10669329836719792,0.18593743710191835,7
Masculinity,0.015768486857983773,-0.08381315713825838,0
Mask,-0.023423321084782876,0.03450636175658006,0
Masonry Construction,-0.19315781799167941,0.3611365584295409,6
Math,-0.16128108822893605,0.1203782894861574,3
Mayan Art and Architecture,0.11698910114401709,0.13007898543173194,0
Mediated View,-0.12577165938463147,-0.07720342742648495,3
Medical/Health,0.15514212792939858,0.038853432033178134,5
Medieval Art,0.06694295165257397,-0.028096920567006002,5
"Melanesia, Micronesia and Polynesia",0.5519051355861754,0.47758163632113826,2
Memphis Design,-0.05673824272196204,-0.13541531451884192,1
Mende Art,0.3404006657256176,0.41803613604394263,2
Metal,-0.20299816066353554,0.19540275936363793,7
Metallic,-0.17356394390161273,-0.00522338744396432,1
Mexican Muralism,0.24920913790854662,-0.1337633307827703,5
Mexico,0.4746585086398974,0.040165687609966666,4
Middle Africa,0.6318279256822131,0.4662875290709854,2
Middle East,0.5670113171929472,0.4092529049557313,2
Migration,0.27869228118353295,0.061503734237090796,5
Mimicking Ruined Materials,-0.17089593242515014,0.029336600748546344,7
Miniature and Small-Scale Paintings,-0.09200048797707852,0.07459404135551745,7
Minimalism,-0.09675671472495008,-0.19147711652372526,1
Mirror,-0.22290830104377957,0.38801734823583434,7
Mirrored,-0.24935392386533672,0.13606127740082175,7
Mixed-Media,-0.052535745113018256,-0.10013475626302329,1
Modern,0.046387981175848095,-0.13713853175121543,1
Modern Photography,-0.027085641723396392,-0.16950274181886385,3
Modern and Impressionist Art,-0.03030339570934298,-0.18143698970597588,1
Modes of Transportation,0.013360440994384645,0.3677973039999967,6
Modular Design,-0.2637178973006989,0.34456170324102703,6
Molecular,-0.3014791586273794,0.3762448178450595,7
Mono-ha,-0.06353167748271356,-0.013401025078443048,3
Monochrome Painting,-0.053094790746410346,-0.16329481179745717,1
Monotype/Monoprint,-0.1489796400054547,-0.013491270061919743,3
Mortality,0.014089169006766983,-0.12050590747024573,0
Mosaics,-0.16060482317072222,0.13047994601281732,7
Mourning and Commemoration,0.07360428007549225,0.016290372310537437,0
Movement,-0.07453457478942786,-0.07964515733091443,0
Multiple Exposure,-0.04858279765012929,0.13682013556025446,3
Multiple Screens,-0.009559965816976596,0.007750062660717698,3
Multiple Styles,-0.057542982115320385,0.11893140487466389,7
Murals and Wall Drawings,-0.1686998885436899,0.044742127137743365,7
Music,0.014967219148572427,-0.15736102072506522,1
Musical Instrument,-0.2953473536859707,0.10658164089434112,7
Mutated Bodies,-0.11776160169562909,-0.05911357916089466,1
"Mysticism, Shamanism, and the Occult",-0.014071295531848202,-0.015040550052844106,0
Mythology and Religion,-0.10019040329511822,-0.07643666021397326,0
Nabis,0.10384827304512292,-0.15684300412596078,1
Narrative,-0.04686756703609227,-0.15280452584801052,0
"Native American, First Nations, and Alaska Native Art",0.16705688922907325,-0.0016121164655698225,5
Natural Fibers,-0.311192070964741,0.352636430437571,7
Natural History,0.07566938537534465,-0.13458169535333336,5
Nature,-0.03168703505880058,-0.20591276110806164,1
Nautical,0.008197638814126454,-0.061329327961213584,0
Negative Image,-0.13995807368617622,0.02250205723049643,3
Neo-Conceptualism,-0.11049956714095527,-0.21590217851398652,3
Neo-Concrete Art,0.035213609671422876,-0.15308781325883108,5
Neo-Dada,0.07459505058551336,-0.21807534842075177,1
Neo-Expressionism,0.13522490810346655,-0.21690228408522746,1
Neo-Geo,-0.07202048415066313,-0.08121213613381761,3
Neo-Impressionism,-0.1965761725257385,-0.10592532247513921,1
Neo-Plasticism,-0.10647555194516449,-0.10614097081705418,3
Neoclassicism,-0.07562623856475409,-0.12352192799009074,1
Neon and Fluorescent Light,-0.1794953259056679,0.02934802691957973,7
Net Art,-0.0480346546327399,-0.08278248453370254,3
Neue Sachlichkeit,0.07851664653729377,-0.21904634072363155,5
New American Color Photography,0.052602234176149586,-0.1778348077809006,1
New American Documentary Photography,0.04459584777738154,-0.1492077422269423,3
New British Sculpture,-0.05715860534587549,-0.11852267975353745,1
New Leipzig School,0.1774494928024966,-0.2198403233885256,5
New Topographics,0.1349945488825797,-0.15965400844964112,5
New York Artists,0.31430890395995414,-0.0214569403351726,4
New York School,0.1758747745690178,-0.19449180975773994,5
Nineteenth Century French Realism,0.09667618677424403,-0.18385058781426517,5
Non-Functional Design,-0.30657497770552944,0.2647294719923766,7
Northern Africa,0.61930347176488,0.44521663457928484,2
Northern Renaissance,0.15833760412703513,-0.1536347917971157,1
Northern and Southern Dynasties,0.4156993221738244,0.27541880011690945,2
Nostalgia,0.05483599326637663,-0.117540613669596,0
Nouveau Réalisme,0.04300616563030293,-0.11506544556538922,1
Nude,-0.06921685705337007,-0.16952141467703896,0
Nul Group,0.09981441923007392,-0.04685303581491005,5
Objets de Vertu,-0.13317049675109177,0.15356774087258313,7
Obsolescence,-0.11728204996251991,0.03723227664527107,3
Oil Painting,-0.10136251428164735,-0.030081277663387647,1
Oil on Copper,-0.18559386164167208,0.2682589375050644,7
Oil on Panel,-0.016230936985106584,0.10310133305502162,3
Old Master Drawings and Prints,0.10818192662635118,-0.09650136383896529,1
Old Master Influenced Fantasy,-0.20266743474293655,-0.13035233653729406,1
Old Masters,0.08326813940630741,-0.14367059492139306,1
Op Art,-0.03556474410392839,-0.17065029580752283,1
Open Form,-0.14035245764874618,0.08606956973136502,7
Organic Material,-0.20872846381582,0.13424717044441725,7
Orientalism,0.12513979794333013,-0.09290125973195722,5
Orphism,0.04684649203256436,-0.25560719036673984,1
Outdoor Art,-0.07546086643775016,0.007256509237113363,7
Outer Space,-0.14754764226232597,0.280101821699376,7
Outsider Art,0.08253415370553752,-0.08063250522473407,5
Painting,-0.06516306512597736,-0.15524611471687716,1
Painting and Writing Tools,-0.18790761551637425,0.1808256568612635,7
Pakistan,0.4758093060453449,0.10114482886300838,4
Panorama,-0.05193543512834117,-0.04129315679751278,3
Paper Cut-Outs,0.01999057723196575,-0.023884029852979556,5
Paris Artists,0.4014854191147153,0.045921227601664096,4
Parties and Celebrations,0.15357262954486683,-0.11830508880367543,5
Passage,-0.20245272665964564,-0.0800938855579034,1
Pastel,-0.25253854779131796,0.05924141109999978,7
Pastel Colors,-0.3023220320952683,0.18454388071320443,7
Patinated and Oxidized,-0.1226493964397612,0.15695430248856973,7
Pattern and Decoration Movement,0.051613090847541745,-0.09865730594639588,5
Patterns,-0.12203066826713027,-0.08530687695166536,1
People at Home,-0.03355419771740391,0.14434825454275382,6
Performance Art,0.04352861681932038,-0.18172769599455818,1
Performing Arts,-0.002775558887123726,-0.15733368730554972,1
Personal Histories,0.05240496819725065,-0.16642788514717577,0
Personal Writing Systems,-0.09577427772067357,-0.05683657878549389,0
Personification,-0.08288657061326278,-0.15940843131780397,0
Photogram,-0.16022301850677012,-0.008874994921136036,3
Photograph as Material,-0.08559337273200246,0.019286754500486853,3
Photographic Source,-0.05788847325870032,-0.012814687398929249,1
Photographs of Surfaces,-0.3039683315228804,0.09493589186173516,7
Photography,0.007961001927671536,-0.13270190515931463,5
Photojournalism,0.11953600326357822,0.15045793145032038,3
Photomontage,-0.052995337127634205,-0.14281560190301051,1
Photorealistic,-0.09467206247259229,-0.11973405478480106,3
Picassoesque,-0.05106571769618591,-0.14366219028224225,1
Pictorialism,0.03359089613131293,-0.1484375977380531,5
Piles/Stacks,0.04657267151183113,-0.16095162093840842,1
Pittura Metafisica,-0.12255772181167486,-0.18507979438827385,1
Pixelated,-0.25570061845413516,0.18872347985754276,3
Plaster,-0.19374475972242947,0.06368494898043016,7
Plastic,-0.18793147650147352,0.08287397155684866,7
Pointillism,-0.25865913482631264,0.10674147252442096,3
Political,0.15804143090051753,-0.16056463219045575,5
Political Events,0.2054716951455357,-0.11012763950347432,5
Political Figures,0.2655591312824815,-0.05650534560392602,5
Political Minimalism,-0.05331387083845457,-0.14370498463745018,5
Political Pop,0.13426967775994197,-0.174507689063569,5
Polychrome Sculpture,-0.20109355436770313,-0.0016059933366611417,7
Pop Art,-0.023953358383743347,-0.10357958155519473,3
Popular Culture,0.034582800163318314,-0.16809401296513066,5
Porcelain,-0.07480008169141628,0.14781957566163786,7
Portrait,-0.07253593555324016,-0.15145699973507856,1
Portraits without a Face,-0.03942785897494391,-0.093644253637649,3
Portugal,0.5268929519189978,0.10849690942917031,4
Post-'70s Ego Generation,0.2814089150008473,-0.06601329266090959,5
Post-Impressionism,0.06577896666783323,-0.09047730934827815,1
Post-Internet Art,0.0873358682023831,-0.17036237375818936,5
Post-Painterly Abstraction,-0.005847474717862713,-0.18816527821978002,5
Post-War American Art,0.142366691896544,-0.133036418458104,5
Post-War European Art,0.2793330183222692,-0.09227599284257285,5
Post-War French Design,0.04092476027011748,-0.02583011792775839,5
Post-World War I European Classicism,0.1486658708683716,-0.10671811049971297,5
Post-World War II School of Paris,0.18157079215303384,-0.188093635574087,5
Poster,0.061829755746651074,0.006295667214872066,5
Postminimalism,-0.10818627135308062,-0.1548177428395789,1
Postmodern Architecture and Design,-0.1288695359753286,-0.1269817239954092,1
Poured,-0.2667237335332847,0.028737618222401624,7
Pre-Columbian Art,0.16135743863301627,0.15974957000627713,0
Pre-Raphaelites,0.06309955302262235,-0.24560471472890888,1
Pre-World War II School of Paris,0.2046391412906338,-0.19663065165346938,5
Precisionism,0.09787661226073553,-0.1138691238436951,5
Prehistoric Art,-0.09495484408324645,0.06267766142302707,0
Primary Abstraction,-0.18131654260380797,-0.09372452448427693,1
Primary Colors,-0.040873168040194724,0.08918565000838864,3
Printed Matter,-0.07825881285171386,-0.05549785196735341,3
Prints,-0.013991377994408468,-0.017559249106980056,5
Process Art,0.035958695091258826,0.02467805884887339,5
Process-Oriented,-0.038602504131989956,0.07331192349934829,3
Progressive Artists' Movement,0.08191288514231738,-0.1569993191733869,5
Projection,-0.06574417712236663,-0.09326496218440972,3
Provocative,-0.058640437901068904,-0.15940875149759062,0
Psychedelic,-0.006445752710161463,0.22973860074936658,0
Psychoanalysis,0.01718379747269804,-0.2261283337014528,0
Pulled/Scraped,0.12161532955859516,-0.12936657403429225,1
Purism,-0.07622579766243244,0.07717154981510774,1
Racial and Ethnic Identity,0.05791023899052651,-0.12468941299303284,5
Radiating Lines,-0.11020243407067717,0.1669863385208011,6
Raw versus Finished,-0.16425521606000268,0.26107768918089186,6
Recycled,-0.22930006662796998,0.16584486609061116,7
Reduced-Scale Architecture,-0.1321506854618133,0.04550593825082598,7
References to Art History,-0.0521158145961699,-0.16151436131426464,1
Reflections,-0.15710534175897567,-0.040461224103660265,3
Reinforced Concrete Construction,-0.0038220226668555513,0.18803645199958538,6
Related to Fashion,-0.024459134049987598,-0.1483546217820507,5
Related to Film,0.09730315205207063,-0.14398189881680534,5
Related to Games,0.026953364126273686,-0.07856354237016167,3
Related to Hip-Hop,0.007034441578140243,-0.024157568488334984,5
Related to Literature,-0.02273192942718344,-0.09833180259235257,0
Related to Music,0.003683307919117495,-0.15242021271266518,5
Related to Punk,0.13383858297097329,-0.20827407505257955,5
Related to Religion,0.04874451174598818,-0.06969234543162,0
Related to Toys,-0.029199526005704454,-0.0682956832836167,3
Relational Aesthetics,0.13656817358401135,-0.15316663264091418,1
Relief,-0.18376875561551229,0.215572715678465,7
Religious Building,-0.03220930503760014,0.14966495973652738,0
Reliquary,0.0010566845156961616,0.10654802405819441,0
Rembrandtesque,-0.21295134580031833,-0.048789395375239034,3
Renaissance,0.04746112934841737,-0.052629409714652235,5
Repetition,-0.04999140114686399,-0.11554124857314291,3
Representations of Architecture,-0.15765809178050602,0.04028063044002038,7
Representations of Everyday Objects,-0.14233945799214504,0.1125395392805825,7
Research as Art,0.00180616497475847,-0.1232119322807099,5
Resin,-0.2152804487775564,0.1834290539334461,7
Restored and Repurposed,-0.1233658245100037,0.06383614928699148,7
Rinpa School,-0.022526335691756286,0.07964202668671083,6
Rococo Art and Design,-0.19046337502818733,0.029299624722278542,7
Roman Art and Architecture,0.07307981763460182,0.05668072417687308,0
Romanesque Art,-0.11593285347002337,0.13805985833372308,7
Romanticism,0.12690949253668699,-0.19350305983634847,5
Rough,-0.3114883715075254,0.3568631591906821,7
Royal/Court Commission,0.1502625858504917,-0.07184980637432192,5
Royalty and Aristocracy,0.087924688166612,0.058341608825230984,0
Rural Life,0.010959872258892011,-0.03512362894498947,0
Russia,0.4675115850988786,0.06528050390274036,4
Saints,0.05275055548511638,-0.03290105545633677,0
San Francisco Artists,0.34749202059763495,0.03344216822787584,4
Scandinavia,0.6040814254531677,0.44332422236226726,2
Scandinavian Furniture and Design,0.07569202478148312,0.15040697746129741,6
Scattered Composition,-0.19361803283773604,0.05615510490258786,7
Scenes of Everyday Life,-0.000443145502084988,-0.14873257564385545,0
School of London,0.1644635347011881,-0.23726221560910632,1
Science,-0.0909187746078957,-0.05988186252772888,3
Science Fiction,-0.011013437814385775,-0.1889571264339528,5
Screen Format,-0.24884838533941067,0.17360250752829634,7
Sculpture,-0.11845564428784111,0.03309327597486485,7
Sculpture-Based Photography,-0.17264553990397413,0.024271918734005096,3
Seating,-0.0927651832676331,0.25579651784536206,6
Seduction and Courtship,-0.010809988948966065,-0.12122846348905403,0
Self as Subject,0.09593108685507845,-0.2629632675387028,5
Self-Portrait,-0.0033324373587984915,-0.23034479733681137,1
Sex,0.03356891348014757,-0.1863899417545069,0
Sexual Identity,0.10467944728178717,-0.251155084101477,0
Sfumato,-0.23062160799541292,0.059954270747535815,3
Shadows,-0.18073119281278704,-0.14581442331697092,3
Shallow Depth of Field,-0.17193346604898369,0.0039051768807981616,3
Sharp/Prickly,-0.20307017303497316,0.11560503907818266,7
Shelving,-0.19469949978048587,0.4453656390848054,6
Shin Hanga,-0.04360452029345116,-0.1071007114671563,3
Shiny/Glossy,-0.22764827032916407,0.04700942605967798,7
Side Chair,0.11232443754799726,0.4039660318190507,6
Silhouettes,-0.0672446821687978,-0.03048669675310657,3
Silkscreen,-0.13753221253407324,0.04526995958205805,3
Silver,-0.168289859044701,0.17999152372417226,7
Site-Specific Art,0.005892915274090395,-0.09620623011541365,5
Skyscapes,-0.10311578311581943,0.13740199982609752,3
Slender,-0.34445335650081005,0.3767691542384297,7
Slumped/Draped,-0.2331951489700435,0.07107328801221587,7
Smooth Surface,-0.15036046178634727,0.0872065583328751,7
Snapshot Aesthetic,-0.06950114911843705,-0.1773760606802094,3
Social Action,0.09579020489865234,-0.05714047492121889,5
Social Realism,0.24324408030517494,-0.2708660219762894,1
Socialist Realism,0.16306970377332144,-0.15025237385839352,1
Sofa,-0.050633943222491214,0.27312005999302624,6
Soft Sculpture,-0.22778388549657005,0.19243763160956867,7
Sound Art,0.01596463918026693,-0.18892855267949837,1
South Africa,0.5573160983020806,0.19005305055594654,2
South Asia,0.5838740865992661,0.4421023711418013,2
Southeast Asia,0.6181417023565315,0.4926726123619499,2
Southeast Europe,0.6483746024292056,0.4691483801909138,2
"Southern Cone (Argentina, Chile, Paraguay, Uruguay)",0.6203038558606061,0.4377835408597098,2
Southern Gothic,0.014001970948941258,-0.07603419227739663,5
Spaces of the Art World,0.04876970098963052,0.024903621915957803,5
Spain,0.5141898572605972,0.08276324113688076,4
Sparse,-0.2640904393873244,0.399958947185562,6
Spatialism,-0.00042695013837785664,-0.09834437001296281,5
Spiral Group,0.18396123593371014,-0.20730592286515573,5
Splattered/Dripped,-0.12060071985096049,-0.10366457708587289,1
Sports/Athletics,0.15696051227318097,-0.06746888068724485,5
Spray Paint,-0.1752378953387821,0.1302165271013357,3
Staged Photography,-0.016010773569489895,-0.18295718055548305,1
Stained Glass,-0.22293906202682806,0.19044246848410012,6
Stained Glass Effect,-0.20993016094293404,0.006736692902963109,3
Stains/Washes,-0.23839000685261433,0.11209422843325076,7
Steel,-0.13217621623821305,0.15174931348025822,6
Steel/Iron Frame Construction,-0.15477150955158941,0.3281652482481134,6
Still Life,-0.06609859766924545,-0.10806213572367189,0
Stolen Moments,-0.034302783741211235,0.0819324175096281,0
Stone,-0.19523644912470595,0.19316833636434713,7
Stool,-0.044791259927304206,0.2829255719760665,6
Storage,-0.22377718338974303,0.2424438752371555,6
Street Photography,0.12158304464707638,-0.11313581688778801,5
Striped,-0.029704988503617934,-0.11965078073291424,1
Study,-0.012580897762911786,0.0015745248668501896,3
Suburbia,0.043819733054758385,0.07216536422941158,0
Suprematism,-0.01582420556609932,-0.16522330367205115,1
Surrealism,0.025710963154839162,-0.12995567643029962,0
Surveillance,0.09187865114113991,-0.0695841811934817,5
Suspended/Hanging,-0.2546600898849491,0.07113500215936144,7
Sustainable Design,-0.00814114109447341,0.12029675449252641,5
Switzerland,0.5055080445114875,0.08945460320657028,4
Symbolic Composition,-0.2022001121906506,0.028886724221289815,0
Symbolism,-0.03311054419109792,-0.18138020776013336,5
Symmetrical,-0.15375282850924976,0.09927444489289175,0
Synchromism,-0.03346013166857745,-0.20470593026971962,1
Table,-0.1928074369560965,0.3467795835166445,6
Table Lamp,-0.15333416432641467,0.31325506551734883,6
Tableware,-0.09277171082604169,0.3556739530939471,6
Taiwan,0.41099597247317365,0.06559163735327503,4
Talismanic,-0.13934361128049583,0.049554261191847526,7
Tangled Forms,-0.1276957890409366,-0.05543104818501167,1
Tapestry and Wall Hanging,-0.12403904993650217,0.05051436562081367,7
Taxidermy,-0.12932136989587234,-0.0019315153432132026,0
Technology,-0.06104672680382023,-0.010110211369123503,3
Tempera,-0.17574587017531584,0.040217425055318855,7
Text,-0.16425507637678466,-0.022835271939228338,0
Textile Arts,-0.10855135239595183,0.02813480942009914,3
The Abject,-0.03407147008978861,-0.011751915461604513,0
The Aesthetic Movement,-0.06601055257367622,-0.15239351610892157,1
The Afterlife,0.05877954377480395,-0.03179528578666204,0
The American West,0.242305751081505,0.005720197410920204,5
The Art Market,0.09049795701158869,-0.15418242565665796,5
The Artist's Studio,0.01858615881272062,-0.11912780666868447,1
The Blue Rider,0.03321008045764151,-0.10826535994950995,1
The Body,0.057614426485750145,-0.04617691293275764,5
The Domestic and Domesticity,0.036783576349892266,-0.10905327914834512,5
The Elements,-0.18151360048687903,0.2162580817845971,6
The Environment,0.011468450618911536,-0.07918004044616994,5
The Fantastic,-0.13471407230307458,-0.11696838599402598,0
The Mundane,-0.1604025432470202,0.16631723551798844,0
The Netherlands,0.515362849456013,0.09347278727322789,4
The New Fauves,0.202635022454499,-0.17538190479319088,1
The Pictures Generation,0.04396099773152778,-0.15383163175489042,3
The Seasons,0.03442657506987388,-0.17336233077817054,0
The Stars Art Group (Xing Xing),0.275268629534579,-0.08092005031242115,5
The Sublime,-0.07194503064870447,-0.16597649455032498,3
Tibet,0.3053631619586775,0.1592481485206934,5
Time,0.011815374086095495,-0.026752221228514696,0
Time-Lapse Photography and Film,-0.06548322739667134,0.0618962660556865,3
Times of Day,-0.05718058276288749,-0.07956520679477247,3
Tokyo Artists,0.37750533248504026,0.07994453962140409,4
Tondo,-0.1359216846493307,-0.03798405202545372,1
Tool,-0.37170868308622407,0.2676449350167648,7
Topographic Photography,0.22679792137667953,-0.1123867778736445,1
"Traces, Indexes, and Implied Presence",-0.14389605715160644,0.025468306974826264,3
Traditional African Art,0.09980778508068218,-0.014581819334550994,5
"Traditional Arts of Africa, Oceania, and the Americas",0.17174090478394258,0.014302570834740643,5
Traditional Oceanic Art,0.481477648603158,0.37365813988478813,2
Traditional Photographic Techniques,-0.23308882676244802,0.10710118296468535,3
Traditional Scroll Painting,-0.11662849323362971,0.059340440873716344,3
Transavanguardia,0.044416227590349355,-0.18934599205268868,5
Transfer,-0.17634431539642326,0.008842449238002068,3
Transparent/Translucent Medium,-0.25426622555878253,0.1418701132506105,7
Trauma and Struggle,0.06824333844872872,-0.1410009700904643,0
Travel/Tourism,0.16030861184828793,0.1137798529533558,0
Tray,-0.38593940481283956,0.31034011756451074,7
Trompe l’oeil,-0.20270938047827256,0.016979214396194278,7
Turkey,0.4699951247823851,0.1360256629740566,4
Typography,-0.21325841150993208,0.004553015681867362,3
Typologies,-0.08178530568893919,0.16425594504526175,6
Ukiyo-e,-0.05745181150382257,-0.14924942953199768,1
Union des Artistes Modernes,-0.0201205740052154,0.12784514805421698,6
United Kingdom and Ireland,0.6052033313187531,0.30766598520480215,2
United States,0.13605483487872855,-0.18645580224560845,5
Unsettling,-0.08017116226861573,-0.1611340242687296,0
Urbanization,-0.05010978632577626,-0.014685625372985922,0
Use of Common Materials,-0.1198217562471541,0.055122490219986046,7
Use of Ephemeral Materials,-0.05450331333742038,0.036152251275638814,3
Use of Fabric,-0.14586082985503976,0.13429051297331443,7
Use of Paper,-0.3247040811936174,0.16417156444744535,7
Use of Precious Materials,-0.11837841138142186,0.13866534011374582,7
Use of Traditional Techniques,-0.20352463578450733,0.023525605289195006,7
Use of Vintage Imagery,-0.04255652947405937,-0.11965729325912985,1
Utopia,0.1220503708376656,-0.10726412166556722,5
Vacant and Vacated Spaces,-0.09932541655945881,0.3100424659249677,6
Vase,-0.09019159173466963,0.11781017850765688,7
Venetian School,-0.1494192203420584,-0.07970482460143485,1
Vessel,-0.1998806706988373,0.6476657523744636,6
Vienna Secession,0.184085189331746,-0.16253936917703965,1
Viennese Actionism,0.13886421023516443,-0.12434258232141925,0
Violence,0.03933585557881575,0.002028336103627444,0
Virtue and Vice,-0.029395464326005007,-0.1705528354044355,0
Viscous Forms,-0.33518386184805427,0.25082209828773083,7
Visual Perception,-0.08779592367157996,-0.08723030068631829,3
Wall Sculpture and Installation,-0.3036922008743067,0.14071876498023617,7
Wallpaper,-0.11908170771396134,0.20422021008393917,6
War and Military,0.08069588781602254,-0.1392102897662372,5
Washington Color School,-0.03478505019891561,-0.0853088767002299,1
Water,-0.2499538741638978,0.11275482235850437,7
Watercolor,-0.09715869020663787,0.0018346820802723138,1
Waterscapes,0.0985059246945828,0.08594156127289408,5
Website,-0.06630113561354989,0.11937892922008148,3
Western Africa,0.6494597503901353,0.5444226940129666,2
Western Europe,0.6658502964742796,0.38508278865676027,2
Whimsical Design,-0.17808143843029045,-0.059693129393908195,3
Wiener Werkstätte,-0.018318374795914562,0.07512304886037276,1
Women Artists,0.2287952750888735,-0.18037205263021108,5
Women Designers,-0.036099366918863375,0.007394102015784139,6
Wood,-0.12587688586372398,0.11148788092594612,7
Woodcut and Linocut,-0.10813561367126427,0.024834823309947077,1
Work and Workers,0.10730326380778271,-0.19381865596753894,5
Work on Paper,-0.18846497208609422,0.03203980860811522,7
Works Progress Administration (WPA),0.2082076459884915,-0.17919463507993166,5
Woven/Perforated,-0.277727176953583,0.35082211872510227,7
Wrapped,-0.07922287512594028,0.029107025042559492,3
Yale University School of Art,0.11007283761377293,-0.12520522883706672,1
Young British Artists (YBAs),0.20479803615430286,-0.1471773831456469,1
Zaire School of Popular Painting,0.43585567174591,0.10423348152332117,2
Zoomorphism,-0.17832670037438958,0.2236212112739496,0
